<?xml version="1.0" encoding="UTF-8"?>
<manifest identifier="ADIT_20251118_102305" version="1.0"
    xmlns="http://www.imsproject.org/xsd/imscp_rootv1p1p2"
    xmlns:adlcp="http://www.adlnet.org/xsd/adlcp_rootv1p2"
    xmlns:xsi="http://www.w3.org/2001/XMLSchema-instance"
    xsi:schemaLocation="http://www.imsproject.org/xsd/imscp_rootv1p1p2 imscp_rootv1p1p2.xsd
                        http://www.imsglobal.org/xsd/imsmd_rootv1p2p1 imsmd_rootv1p2p1.xsd
                        http://www.adlnet.org/xsd/adlcp_rootv1p2 adlcp_rootv1p2.xsd">

    <metadata>
        <schema>ADL SCORM</schema>
        <schemaversion>1.2</schemaversion>
    </metadata>

    <organizations default="ORG-ADIT_20251118_102305">
        <organization identifier="ORG-ADIT_20251118_102305">
            <title>ADIT Tax and Fiscal Regimes - Licence and Concession Regimes</title>
            <item identifier="ITEM-ADIT_20251118_102305" identifierref="RES-ADIT_20251118_102305">
                <title>ADIT Tax and Fiscal Regimes - Licence and Concession Regimes</title>
                <adlcp:masteryscore>80</adlcp:masteryscore>
            </item>
        </organization>
    </organizations>

    <resources>
        <resource identifier="RES-ADIT_20251118_102305" type="webcontent" adlcp:scormtype="sco" href="presentation.html">
            <file href="presentation.html"/>
            <file href="scorm_api_wrapper.js"/>
            <!-- Audio files -->
            <file href="audio/slide_000.mp3"/>
            <file href="audio/slide_001.mp3"/>
            <file href="audio/slide_002.mp3"/>
            <file href="audio/slide_003.mp3"/>
            <file href="audio/slide_004.mp3"/>
            <file href="audio/slide_005.mp3"/>
            <file href="audio/slide_006.mp3"/>
            <file href="audio/slide_007.mp3"/>
        </resource>
    </resources>
</manifest>