<?xml version="1.0" encoding="UTF-8"?>
<manifest identifier="ADIT_20251118_102305" version="1.0"
    xmlns="http://www.imsglobal.org/xsd/imscp_v1p1"
    xmlns:adlcp="http://www.adlnet.org/xsd/adlcp_v1p3"
    xmlns:adlseq="http://www.adlnet.org/xsd/adlseq_v1p3"
    xmlns:adlnav="http://www.adlnet.org/xsd/adlnav_v1p3"
    xmlns:imsss="http://www.imsglobal.org/xsd/imsss"
    xmlns:xsi="http://www.w3.org/2001/XMLSchema-instance"
    xsi:schemaLocation="http://www.imsglobal.org/xsd/imscp_v1p1 imscp_v1p1.xsd
                        http://www.adlnet.org/xsd/adlcp_v1p3 adlcp_v1p3.xsd
                        http://www.adlnet.org/xsd/adlseq_v1p3 adlseq_v1p3.xsd
                        http://www.adlnet.org/xsd/adlnav_v1p3 adlnav_v1p3.xsd
                        http://www.imsglobal.org/xsd/imsss imsss_v1p0.xsd">

    <metadata>
        <schema>ADL SCORM</schema>
        <schemaversion>2004 4th Edition</schemaversion>
    </metadata>

    <organizations default="ORG-ADIT_20251118_102305">
        <organization identifier="ORG-ADIT_20251118_102305">
            <title>ADIT Tax and Fiscal Regimes - Licence and Concession Regimes</title>
            <item identifier="ITEM-ADIT_20251118_102305" identifierref="RES-ADIT_20251118_102305">
                <title>ADIT Tax and Fiscal Regimes - Licence and Concession Regimes</title>
            </item>
        </organization>
    </organizations>

    <resources>
        <resource identifier="RES-ADIT_20251118_102305" type="webcontent" adlcp:scormType="sco" href="presentation.html">
            <file href="presentation.html"/>
            <file href="scorm_api_wrapper.js"/>
            <!-- Audio files -->
            <file href="audio/slide_000.mp3"/>
            <file href="audio/slide_001.mp3"/>
            <file href="audio/slide_002.mp3"/>
            <file href="audio/slide_003.mp3"/>
            <file href="audio/slide_004.mp3"/>
            <file href="audio/slide_005.mp3"/>
            <file href="audio/slide_006.mp3"/>
            <file href="audio/slide_007.mp3"/>
        </resource>
    </resources>
</manifest>